name,address,longitude,latitude,grade,grade_date,grade_change,gradex,gradex_date,gradex_change,gradex2,gradex2_date,gradex2_change,gradex3,gradex3_date
4 J's Kebab,"27 Vine Street, Whangarei",174.3193637,-35.725714,Grade A,2015-12-01,-1,Grade A+, 2014-11-01,,,,,,
Absolute Caterers,"Northland Events Centre, 62 Okara Drive, Whangarei",174.3267921,-35.732291,Grade A,2016-05-01,-1,Grade A+,2015-07-01,,,,,,
Ace Catering,"6 Porowini Avenue, Whangarei ",174.316056,-35.729617,Grade A+, 2013-05-01,,,,,,,,,
A'Courts,"88 Austin Road, Maunu, Whangarei",174.2716217,-35.7520443,Grade B+,2015-10-01,-1,Grade A, 2014-09-01,,,,,,
A'Deco,"70 Kamo Road, Kensington, Whangarei",174.3212496,-35.7073894,Grade A,2016-06-01,-1,Grade A+,2015-05-01,1,Grade A, 2014-06-01,,,
Adriatic Fisheries,"95 Kamo Road, Kensington, Whangarei",174.321575,-35.7088948,Grade A,2016-06-01,0,Grade A, 2015-04-01,,,,,,
A'Fare,"197 Lower Dent Street, Whangarei",174.3309848,-35.7283694,Grade A+,2015-12-01,0,Grade A+, 2014-12-01,,,,,,
Airport Cafe,"Whangarei Airport, 59 Handforth Street, Onerahi, Whangarei",174.364724,-35.767318,Grade A+,2015-09-01,0,Grade A+, 2014-09-01,,,,,,
Almy Inspiration,"28 Dune Lake Place, Ruakaka, Whangarei",174.4570901,-35.8877426,Grade A+,2015-07-01,0,Grade A+, 2014-07-01,,,,,,
American Hotdog,"Mobile Shop, Whangarei",174.323708,-35.7251117,Grade A,2015-12-01,,,,,,,,,
Amici,"Quality Street, Whangarei",174.323708,-35.7251117,Grade A+,2016-02-01,,,,,,,,,
Annie's Lunch Bar,"14 Hewlett Street, Whangarei",174.3437711,-35.7415536,Grade A+,2015-11-01,0,Grade A+, 2014-11-01,,,,,,
Aotea Macadamias,"322 Glenmohr Road, Waipu, Whangarei",174.4342038,-36.0406125,Grade A,2015-10-01,0,Grade A, 2014-09-01,,,,,,
Apotams,"66A Smithville Road, Kamo, Whangarei",174.275826,-35.696885,Grade A,2016-06-01,0,Grade A, 2015-04-01,,,,,,
Apprentice Cafe,"Dyer Street, Whangarei ",174.31333,-35.755129,Grade A+, 2014-06-01,,,,,,,,,
Apprentice Restaurant,"49 Raumanga Valley Road, Raumanga, Whangarei",174.306077,-35.7403335,Grade A+,2015-05-01,0,Grade A+, 2014-06-01,,,,,,
Aroi Thai Takeaways,"Station Road, Kamo, Whangarei",174.3071677,-35.679655,Grade A,2015-12-01,,,,,,,,,
Asahi Japanese  Restaurant,"43 Vine Street, Whangarei",174.318983,-35.725617,Grade A+, 2015-04-01,,,,,,,,,
Asahi Sushi,"24 Cameron Street, Whangarei",174.320068,-35.7251396,Grade A,2016-05-01,-1,Grade A+,2015-06-01,0,Grade A+, 2014-05-01,,,
Aussie Butcher,"Otaika Shopping Centre, Otaika Road, Whangarei",174.3069291,-35.7471261,Grade B,2016-04-01,,,,,,,,,
Bacio,"31 Bank Street, Whangarei",174.3192462,-35.7252447,Grade A+,2015-08-01,0,Grade A+, 2014-08-01,,,,,,
Bank St Lunchbar &  Takeaways,"81 Bank Street, Whangarei",174.319879,-35.723118,Grade A+,2015-08-01,0,Grade A+, 2014-09-01,,,,,,
Bank St Social Club,"69 Bank Street, Whangarei",174.3195543,-35.7238149,Grade A+,2015-09-01,0,Grade A+, 2014-09-01,,,,,,
Beks Bites Catering,"475 Kamo Road, Kamo, Whangarei ",174.301638,-35.685021,Grade A+, 2014-06-01,,,,,,,,,
Big Tomato Bakery,"163 Port Marsden Highway, Ruakaka",174.436189,-35.878006,Grade A+,2015-09-01,0,Grade A+, 2014-09-01,,,,,,
Big Tomato Fruit &  Vege,"163 Port Marsden Highway, Ruakaka, Whangarei",174.323708,-35.7251117,Grade B,2016-05-01,-2,Grade A, 2014-07-01,,,,,,
Bin Inn Kamo,"386 Kamo Road, Kamo, Whangarei",174.3014636,-35.6838687,Grade A,2016-06-01,-1,Grade A+,2015-06-01,0,Grade A+, 2014-06-01,,,
Bin Inn Whangarei,"75 Walton Street, Whangarei",174.3233484,-35.725071,Grade A,2016-05-01,0,Grade A,2015-06-01,-1,Grade A+, 2014-06-01,,,
Black Stag Deli,"1024 Cove Road, Waipu, Whangarei",174.5180175,-36.0371153,Grade A,2015-08-01,0,Grade A, 2014-08-01,,,,,,
Blue Heron Holiday  Park,"85 Scott Road, Parua Bay, Whangarei",174.419725,-35.783366,Grade A, 2015-02-01,,,,,,,,,
Bob Cafe,"29 Bank Street, Whangarei",174.3192668,-35.7252949,Grade A+,2015-12-01,,,,,,,,,
Body Fuel,"95 Walton Street, Whangarei",174.324071,-35.7246451,Grade A,2016-04-01,-1,Grade A+, 2014-12-01,,,,,,
Boon's Bakery & Cafe,"483 Kamo Road, Kamo, Whangarei",174.3013179,-35.6844116,Grade A+,2016-02-01,0,Grade A+, 2014-09-01,,,,,,
BP2GO Whakapara,"609 State Highway 1, Whakapara, Whangarei",174.2866333,-35.6125033,Grade A,2015-08-01,0,Grade A, 2014-08-01,,,,,,
Braaihut Cafe,"14 Vine Street, Whangarei",174.3193252,-35.7258536,Grade A+,2015-12-01,,,,,,,,,
Brain Injury  Association Northland  Inc,"98 Cairnfield Road, Otangarei, Whangarei",174.321552,-35.697488,Grade A, 2014-10-01,,,,,,,,,
Brauhaus Frings,"104 Lower Dent Street, Whangarei",174.3267008,-35.7259987,Grade A,2016-05-01,-1,Grade A+,2015-05-01,,,,,,
Bream Bay Service Station," 2618 State Highway 1, Ruakaka ",174.433895,-35.892694,Grade A, 2013-05-01,,,,,,,,,
Bream Bay Takeaways," 378 Marsden Point Road, Ruakaka",174.455731,-35.874238,Grade A+,2015-07-01,0,Grade A+, 2014-08-01,0,Grade A+, 2013-08-01,,,
Bright Cafe," 8 Cameron Street, Whangarei",174.319935,-35.724867,Grade B,2016-04-01,-3,Grade A+, 2015-03-01,,,,,,
Cafe Botanix,"58 Water Street, Whangarei",174.317199,-35.726723,Grade A,2016-05-01,,Grade A, 2014-02-01,,,,,,
Cafe Divine Indian Restaurant,"16 Porowini Avenue, Whangarei",174.3179112,-35.7306361,Grade A+,2015-12-01,0,Grade A+, 2014-11-01,,,,,,
Cafe in the Park,"92 Otaika Road, Whangarei",174.310084,-35.738188,Grade A+, 2013-12-01,,,,,,,,,
Cafe Narnia,"74 Kamo Road, Kensington, Whangarei",174.3205694,-35.7066588,Grade A,2015-08-01,0,Grade A, 2014-09-01,,,,,,
Cafe North," Marsden Point Road, Ruakaka, Whangarei ",174.453613,-35.879439,Grade A,2016-05-01,-1,Grade A+, 2015-04-01,0,Grade A+, 2014-05-01,,,
Caffeine Espresso Cafe,"4 Water Street, Whangarei",174.3187699,-35.7257587,Grade A+,2015-08-01,0,Grade A+, 2014-08-01,,,,,,
Caketin Love,"950 State Highway 1, Oakleigh, Whangarei",174.2944297,-35.8079664,Grade A+,2015-10-01,0,Grade A+, 2014-11-01,,,,,,
Caledonian Dairy,"32 The Centre, Waipu, Whangarei",174.445557,-35.984383,Grade B,2016-05-01,-1,Grade B+, 2015-04-01,,,,,,
Calico Blue Catering,"Kamo Training Hub, Pipiwai Road, Kamo, Whangarei",174.2933171,-35.6749664,Grade A+,2016-04-01,,,,,,,,,
Caltex Western Hills," 303 Western Hills Drive, Whangarei",174.315813,-35.717029,Grade A, 2013-03-01,,,,,,,,,
Caltex Whangarei," 15 Lower Tarewa Road, Whangarei ",174.318646,-35.728727,Grade A, 2013-06-01,,,,,,,,,
Cameron St Dairy," 68 Cameron Street, Whangarei",174.322179,-35.726632,Grade A, 2015-03-01,,,,,,,,,
Captain's Takeaways," 78C Station Road, Kamo, Whangarei ",174.309975,-35.677774,Grade A, 2014-12-01,,,,,,,,,
Carruth House:  Whangarei Boys' High  School,"10 Kent Road, Kensington, Whangarei",174.3178316,-35.7155877,Grade A,2016-05-01,-1,Grade A+, 2014-03-01,,,,,,
Cascade Cafe,"3 Ewing Road, Whangarei",174.3260629,-35.7216699,Grade A+,2016-02-01,,,,,,,,,
CC's in the Strand,"The Strand Arcade, 41 Cameron Street, Whangarei",174.3204131,-35.7254219,Grade C,2016-06-01,,,,,,,,,
Charlies,"66 Rewa Rewa Road, Whangarei",174.3180605,-35.7528339,Grade A+,2016-04-01,0,Grade A+, 2015-03-01,,,,,,
Charlies Bakery,"161 Kamo Road, Kensington, Whangarei",174.3182916,-35.7048439,Grade A,2016-06-01,-1,Grade A+,2015-05-01,0,Grade A+, 2014-07-01,,,
Chill Cafe,"11 Rathbone Street, Whangarei ",174.320763,-35.724415,Grade A+, 2013-08-01,,,,,,,,,
Chipmunks,"3 Wood Street, Whangarei",174.2103347,-35.711665,Grade A,2016-05-01,-1,Grade A+, 2014-05-01,,,,,,
Choice Blocks,"Shop 1, 1375 Whangarei Heads Road, Parua Bay, Whangarei",174.420743,-35.778535,Grade A, 2015-02-01,,,,,,,,,
Christies Bakery,"45C Morningside Road, Morningside, Whangarei",174.3202711,-35.7345618,Grade B,2016-05-01,-2,Grade A,2015-07-01,,,,,,
Cielo Uilveto,"143 Saqa Way (Pvt), Tutukaka, Whangarei",174.5103947,-35.5880791,Grade A,2015-12-01,,,,,,,,,
Clansman Hotel,"28 Cove Road, Waipu, Whangarei",174.4511917,-35.9858217,Grade A,2015-09-01,,,,,,,,,
Coalminer's Daughter  Bar & Grill,"2 Station Road, Kamo, Whangarei",174.3007192,-35.6818247,Grade A+,2015-12-01,0,Grade A+, 2014-09-01,,,,,,
Cobe Coffee,"70 Maunu Road, Maunu, Whangarei",174.3121771,-35.7305272,Grade A,2016-02-01,0,Grade A, 2015-03-01,,,,,,
Country Bake,"Ruakaka Shopping Centre, Ruakaka, Whangarei",174.323708,-35.7251117,Grade A+,2015-10-01,,,,,,,,,
Country Bake Okara,"Okara Shopping Centre, Port Road, Whangarei",174.3302107,-35.7311504,Grade A+,2016-02-01,,,,,,,,,
Craftys Crepes,"Mobile, Whangarei Farmers Market, Whangarei",174.323708,-35.7251117,Grade A+,2015-12-01,,,,,,,,,
Cream and Cones,"Warehouse Building, Okara Shopping Centre, 38 Port Road, Whangarei",174.3294767,-35.7306855,Grade B,2016-05-01,,,,,,,,,
Cuppacakes,"4 John Street, Whangarei",174.3218929,-35.7259287,Grade A+,2015-12-01,,Grade A, 2014-12-01,,,,,,
Da' Bread Dude,"185 Church Street, Onerahi, Whangarei",174.3639969,-35.7736499,Grade A,2016-03-01,,,,,,,,,
Daffodil Dairy,"45B Maunu Road, Maunu, Whangarei",174.3125583,-35.7307059,Grade B+,2015-06-01,-1,Grade A, 2014-06-01,,,,,,
Daisy Cupcake,"7 Bank Street, Whangarei",174.319162,-35.72697,Grade A,2016-05-01,,Grade A+, 2015-04-01,,,,,,
De La Rei,"4 John Street, Whangarei",174.321893,-35.725929,Grade A, 2015-03-01,,,,,,,,,
Deep Sea Bar & Grill,"163 Port Marsden Highway, Ruakaka, Whangarei",174.436189,-35.878006,Grade A+, 2013-09-01,,,,,,,,,
Deli Marche Cafe,"151 Maunu Road, Maunu, Whangarei",174.302104,-35.73457,Grade A+,2016-03-01,0,Grade A+, 2015-03-01,0,Grade A+, 2014-03-01,,,
Deli Roast,"95 Kamo Road, Kensington, Whangarei",174.321575,-35.7088948,Grade A+,2016-03-01,1,Grade A, 2015-04-01,,,,,,
Delights,"103 Pururi Park Road, Maunu, Whangarei",174.2909396,-35.7406044,Grade A+,2016-02-01,,,,,,,,,
Deluca Cafe,"8 Rust Avenue, Whangarei",174.3176457,-35.7233576,Grade A+,2015-07-01,0,Grade A+, 2014-07-01,,,,,,
Denby Caterers,"Tikipunga Soccer Club, Reed Street, Tikipunga, Whangarei",174.332427,-35.681531,Grade A+,2015-05-01,,Grade A+, 2014-08-01,,,,,,
Denby Dairy,"179 Kiripaka Road, Tikipunga, Whangarei",174.326617,-35.68659,Grade B,2015-07-01,0,Grade B, 2014-08-01,,,,,,
Destination Dairy,"1 Ewing Road, Whangarei",174.3259103,-35.7223682,Grade B,2016-05-01,-2,Grade A,2015-06-01,0,Grade A, 2013-06-01,,,
Dev Caterers Ltd,"46 Main Road, Tikipunga, Whangarei",174.3076371,-35.6451422,Grade A,2016-05-01,,,,,,,,,
Dev Superette Ltd,"Jack Street, Otangarei, Whangarei",174.3161473,-35.6966131,Grade A,2016-05-01,,,,,,,,,
Diamond Takeaways,"1 Spedding Road, Tikipunga, Whangarei",174.326478,-35.68656,Grade A+,2015-09-01,0,Grade A+, 2014-10-01,,,,,,
Dickens Inn,"71 Cameron Street, Whangarei",174.320852,-35.726066,Grade A,2016-05-01,-1,Grade A+, 2015-04-01,,,,,,
Discovery Settlers  Hotel Whangarei,"61 Hatea Drive, Whangarei",174.326513,-35.716366,Grade B,2016-04-01,-3,Grade A+, 2015-04-01,,,,,,
D'Nari Foods  Tikipunga,"81 Paramount Parade, Tikipunga, Whangarei",174.3219802,-35.6829289,Grade A,2015-08-01,0,Grade A, 2014-09-01,,,,,,
Domino's Kamo,"475 Kamo Road, Kamo, Whangarei",174.3016376,-35.685021,Grade A+,2016-02-01,,,,,,,,,
Domino's Whangarei,"30 Water Street, Whangarei",174.3181399,-35.7258356,Grade A,2016-05-01,-1,Grade A+, 2015-04-01,,,,,,
Eagle Sushi Bar,"95 Kamo Road, Kensington, Whangarei",174.321575,-35.7088948,Grade A,2015-11-01,-1,Grade A+, 2014-10-01,,,,,,
Early Birds Lunchbar,"132 Lower Dent Street, Whangarei",174.3287236,-35.7270354,Grade A,2016-04-01,-1,Grade A+, 2015-03-01,,,,,,
Eastside Lunch Bar,"10 Union Street East, Whangarei",174.3362003,-35.7416836,Grade C,2016-06-01,-2,Grade B+,2016-03-01,-2,Grade A+, 2015-03-01,,,
Emperor Chinese Takeaway and Hot Bread Shop,"47 Maunu Road, Whangarei",174.312401,-35.730794,Grade B+,2015-09-01,-2,Grade A+, 2014-09-01,,,,,,
Empire,"13 Rathbone, Whangarei",174.320775,-35.724298,Grade A+, 2015-02-01,,,,,,,,,
Endo Euro Takeaways,"78 C Station Road, Kamo, Whangarei ",174.309899,-35.677796,Grade A+, 2013-05-01,,,,,,,,,
Esquires Coffee Houses Whangarei,"6 Rathbone Street, Whangarei",174.320665,-35.724961,Grade A+,2015-06-01,0,Grade A+, 2015-04-01,,,,,,
Essence Cafe,"184 Bank Street, Whangarei",174.322372,-35.717217,Grade A+,2015-10-01,0,Grade A+, 2014-10-01,,,,,,
Estuary Restaurant and Takeaways,"5 Princes Road, Ruakaka, Whangarei",174.4509017,-35.899868,Grade A+,2015-05-01,0,Grade A+, 2013-05-01,,,,,,
Event Cinemas Whangarei,"18 James Street, Whangarei",174.3214903,-35.7253138,Grade A,2016-05-01,,Grade A, 2015-04-01,,,,,,
Ezumi,"77 Bank Street, Whangarei",174.319617,-35.723375,Grade A+,2016-02-01,0,Grade A+, 2014-07-01,,,,,,
Farm Meat Processors,"35 Pataua South Road, Parua Bay, Whangarei",174.4031704,-35.6919724,Grade A,2015-12-01,,,,,,,,,
Fat Camel," 12 Quality Street, Whangarei",174.320153,-35.724886,Grade A+, 2013-12-01,,,,,,,,,
Feast India,"110 Onerahi Road, Onerahi, Whangarei",174.3680981,-35.7545568,Grade A,2016-05-01,,,,,,,,,
Fifteen Acres,"133 Apotu Road, Kauri, Whangarei",174.2834993,-35.6402394,Grade A,2016-03-01,0,Grade A, 2015-04-01,,,,,,
Flames International Hotel,"8 Waverley Street, Onerahi, Whangarei",174.3670577,-35.7544038,Grade A+,2016-02-01,0,Grade A+, 2014-10-01,,,,,,
Food 45,"45 The Centre, Waipu, Whangarei",174.4448955,-35.9842414,Grade A+,2015-11-01,0,Grade A+, 2014-11-01,,,,,,
Food for Life," 26 Water Street, Whangarei",174.318321,-35.725942,Grade A+, 2014-08-01,,,,,,,,,
Frenchy's Food Spot,"Inside the Warehouse Building, 38 Port Road, Whangarei",174.3294767,-35.7306855,Grade A+,2015-07-01,,,,,,,,,
Fresh Cafe,"12 James Street, Whangarei",174.3214107,-35.7255067,Grade A,2016-05-01,-1,Grade A+,2015-07-01,0,Grade A+, 2014-11-01,,,
Fresh Sushi,"2 Manse Street, Regent, Whangarei",174.3224532,-35.715114,Grade A,2016-03-01,,,,,,,,,
G Parkes," 30 Marsden Point Road, Ruakaka, Whangarei",174.450015,-35.902595,Grade A, 2015-03-01,,,,,,,,,
Gas Bream Bay,"2618 State Highway 1, Ruakaka, Whangarei",174.4338945,-35.8926944,Grade A,2016-03-01,0,Grade A, 2015-03-01,,,,,,
Gas Mangatapere Dairy,"State Highway 14, Mangatapere, Whangarei",174.237636,-35.7408623,Grade A,2015-12-01,,,,,,,,,
Gas Parua Bay,"1373 Whangarei Heads Road, Parua Bay, Whangarei",174.479786,-35.769242,Grade A,2015-09-01,0,Grade A, 2014-08-01,,,,,,
Gas Point Ltd Wortelboer's,"596 Port Marsden Highway, One Tree Point, Whangarei",174.467795,-35.854234,Grade A+,2015-08-01,,Grade A+, 2014-08-01,,,,,,
Gas Tikipunga,"81 Paramount Parade, Tikipunga, Whangarei",174.3219802,-35.6829289,Grade A,2015-11-01,,Grade A, 2014-11-01,,,,,,
Gengy's Restaurant," 62 Walton Street, Whangarei",174.321649,-35.726985,Grade A+, 2013-04-01,,,,,,,,,
Giant DVD,"Vine Street, Whangarei",174.319283,-35.7256726,Grade A,2015-05-01,1,Grade B+ , 2014-05-01,,,,,,
Glez Coffee House,"Lower Tarewa Road, Whangarei",174.3184593,-35.7289942,Grade A+,2015-09-01,0,Grade A+, 2014-09-01,,,,,,
Go Go Espresso,"24 Reyburn Street, Whangarei",174.3264617,-35.7275918,Grade A+,2015-11-01,0,Grade A+, 2013-12-01,,,,,,
Golden Bay Staff  Cafeteria," Portland Road, Portland, Whangarei",174.318015,-35.798041,Grade A+, 2013-12-01,,,,,,,,,
Golf Club Country Kitchen,"160A Pipiwai Road, Kamo, Whangarei",174.2816677,-35.6739019,Grade A,2015-06-01,-1,Grade A+, 2014-06-01,,,,,,
Gopals Hare Krisna Food for Life,"6 Vine Street, Whangarei ",174.31914,-35.725721,Grade A+,2015-11-01,0,Grade A+, 2014-11-01,,,,,,
Gourmet Mussels," 1341 Whangarei Heads Road, Parua Bay, Whangarei",174.476916,-35.767885,Grade A, 2013-03-01,,,,,,,,,
Grand Hotel,"2 Bank Street, Whangarei",174.3190204,-35.7262157,Grade A+,2015-11-01,0,Grade A+, 2014-11-01,,,,,,
Grand Thai Restaurant,"2 Bank Street, Whangarei",174.3190204,-35.7262157,Grade A+,2016-03-01,0,Grade A+, 2013-02-01,,,,,,
Grasscouch Greens,"97 Kiwi Bush Lane, Ngunguru, Whangarei",174.4676625,-35.6002838,Grade A+,2015-09-01,,,,,,,,,
Great Wall Takeaways,"95 Kamo Road, Kensington, Whangarei",174.321575,-35.7088948,Grade A+,2015-08-01,0,Grade A+, 2014-09-01,,,,,,
Happy Dragon Takeaways,"404 Kamo Road, Kamo, Whangarei",174.30115,-35.6831914,Grade A+,2015-09-01,0,Grade A+, 2014-08-01,,,,,,
Happy Town Chinese Takeaways,"118 Onerahi Road, Onerahi, Whangarei",174.3681247,-35.7551582,Grade A+,2016-04-01,,,,,,,,,
Hardware Cafe,"Bunnings Warehouse, Tauroa Street, Whangarei",174.3018171,-35.7509893,Grade A+,2015-10-01,,,,,,,,,
Hardy's Healthy Living,"The Strand, 41 Cameron Street, Whangarei",174.3204131,-35.7254219,Grade A,2016-03-01,,,,,,,,,
Harry's Lunchbar," 156 Cameron Street, Whangarei",174.325153,-35.728642,Grade A+,2015-12-01,0,Grade A+, 2014-08-01,,,,,,
Havana Cabana,"23 McAuslin Road, Sandy Bay, Whangarei",174.474316,-35.556725,Grade A,2016-02-01,0,Grade A, 2015-02-01,,,,,,
Havel South Indian Cuisine,"56 Walton Street, Whangarei",174.3227007,-35.7260707,Grade A+,2015-12-01,,,,,,,,,
Head office," 3 Water Street, Whangarei",174.318796,-35.725762,Grade B, 2013-03-01,,,,,,,,,
Healthwise Kamo," 523 Kamo Road, Kamo, Whangarei ",174.300469,-35.683436,Grade A, 2014-12-01,,,,,,,,,
Heat 7 Pizza," 243 Kamo Road, Whau Valley, Whangarei ",174.312432,-35.698588,Grade A+, 2014-06-01,,,,,,,,,
Heaven," 25 Vine Street, Whangarei",174.319582,-35.725696,Grade B, 2013-09-01,,,,,,,,,
Hell Pizza,"214 Bank Street, Regent, Whangarei",174.3230336,-35.7155845,Grade A+,2016-03-01,0,Grade A+,2015-07-01,0,Grade A+, 2015-03-01,,,
Herekino Street Lunchbar,"10 Herekino Street, Whangarei",174.3281628,-35.7282028,Grade A,2016-06-01,-1,Grade A+,2015-07-01,0,Grade A+, 2013-08-01,,,
Hikari Sushi Bar,"Cameron Street, Whangarei",174.3221247,-35.7265927,Grade A+,2016-02-01,,,,,,,,,
Hikurangi Home Cookery,"45 King Street, Hikurangi, Whangarei",174.2858363,-35.5972909,Grade B,2016-05-01,-3,Grade A+,2015-05-01,,,,,,
Hikurangi Takeaway,"59 King Street, Hikurangi, Whangarei",174.2856033,-35.5962601,Grade B,2016-05-01,,,,,,,,,
Hook Inn,"386 Kamo Road, Kamo, Whangarei",174.3014636,-35.6838687,Grade B,2015-08-01,-2,Grade A, 2014-08-01,,,,,,
Horncroft Conserves,"18 Cooper Road, Maungatapere, Whangarei",174.1722297,-35.7618085,Grade A,2016-02-01,,,,,,,,,
Hospital Fish Shop and Takeaway,"117 Maunu Road, Maunu, Whangarei",174.3054006,-35.7343338,Grade A+,2015-07-01,0,Grade A+, 2014-07-01,,,,,,
Hot 'n' Juicy,"Shop 24 The Strand, 41 Cameron Street, Whangarei",174.3204131,-35.7254219,Grade A,2016-05-01,-1,Grade A+,2015-06-01,,,,,,
Hot Spot Takeaways,"40 Water Street, Whangarei",174.3171447,-35.7265111,Grade A,2015-12-01,0,Grade A, 2014-12-01,,,,,,
Huanui Orchards,"279 Ngunguru Road, Glenbervie, Whangarei",174.3544402,-35.6675387,Grade A,2016-03-01,0,Grade A, 2015-03-01,,,,,,
Hukerenui Cafe and Tavern,"State Highway 1, Hukerenui, Whangarei",175.2074759,-37.7264572,Grade A+,2015-10-01,,,,,,,,,
Hungry Jacks Lunch Bar,"43 Commerce Street, Whangarei",174.3250861,-35.7304,Grade A+,2015-11-01,0,Grade A+, 2014-10-01,,,,,,
Hydro Healthy,"46 Main Road, Kauri, Whangarei",174.3076371,-35.6451422,Grade A,2016-05-01,0,Grade A,2015-05-01,0,Grade A, 2015-04-01,,,
Ice on Tap," 7 Morningside Road, Whangarei ",174.318073,-35.731066,Grade B+ , 2014-04-01,,,,,,,,,
Indian Aroma,"23-25 Vine Street, Whangarei",174.3195815,-35.7256958,Grade A,2015-09-01,0,Grade A, 2014-08-01,,,,,,
Indulge,"99 Cameron Street, Whangarei",174.3225523,-35.7272587,Grade A+,2015-09-01,0,Grade A+, 2014-09-01,,,,,,
J and J Cakes,"14 Mariposa Place, Kamo, Whangarei",174.3101225,-35.6753226,Grade A+, 2015-04-01,1,Grade A,2016-05-01,,,,,,
J Scott Honey Extraction,"76 Roimata Lane, Whananaki North, Whangarei ",174.442606,-35.467114,Grade A,2016-06-01,0,Grade A,2015-06-01,0,Grade A, 2014-06-01,0,Grade A, 2013-08-01
Jack Street Burger Bar,"6 Jack Street, Otangarei, Whangarei",174.3212384,-35.6980838,Grade A+,2015-05-01,3,Grade B , 2014-05-01,,,,,,
Jack Street Dairy,"10 Jack Street, Otangarei, Whangarei ",174.321132,-35.697984,Grade B+ , 2014-05-01,,,,,,,,,
Jack Street Takeaways,"Jack Street, Otangarei, Whangarei",174.3161473,-35.6966131,Grade C,2016-04-01,,,,,,,,,
Jane Tait,"576 Snooks Road, Maungakaramea, Whangarei",174.1841537,-35.8138451,Grade A,2016-06-01,,,,,,,,,
JC's Organic  Heirlooms,"175 Apotu Road, Kauri, Whangarei",174.2800226,-35.6377675,Grade A,2015-09-01,0,Grade A, 2014-09-01,,,,,,
Jessica/Otangarei  Takeaways,"169 William Jones Drive, Otangarei, Whangarei",174.31954,-35.695023,Grade A+,2015-08-01,0,Grade A+, 2014-09-01,,,,,,
Jesters Jaffle Pie Co,"71 Cameron Street, Whangarei",174.320852,-35.7260657,Grade A,2016-05-01,0,Grade A, 2015-03-01,,,,,,
JG Parkes,"30 Marsden Point Road, Ruakaka, Whangarei",174.4500145,-35.9025952,Grade A,2016-03-01,,,,,,,,,
Jolt Cafe,"460 Maunu Road, Maunu, Whangarei",174.2812965,-35.739992,Grade A+,2015-11-01,0,Grade A+, 2014-11-01,,,,,,
Judge House of Ale,"57 Walton Street, Whangarei",174.322655,-35.725976,Grade A+,2015-10-01,0,Grade A+, 2014-09-01,,,,,,
Kamo Bakehouse,"527 Kamo Road, Kamo, Whangarei",174.3006055,-35.6832117,Grade A+,2015-11-01,0,Grade A+, 2014-11-01,,,,,,
Kamo Bakery and Hot Bread Shop,"2 Station Road, Kamo, Whangarei",174.300719,-35.681825,Grade B,2016-06-01,-2,Grade A, 2015-04-01,,,,,,
Kamo Dairy,"396 Kamo Road, Kamo, Whangarei",174.3012103,-35.6835356,Grade B,2016-06-01,0,Grade B, 2015-04-01,,,,,,
Kamo Hotel and Ale House,"Kamo Road, Kamo, Whangarei",174.3018366,-35.6850272,Grade B,2016-05-01,,,,,,,,,
Kamo Mobil Mart,"473 Kamo Road, Kamo, Whangarei",174.301681,-35.6850927,Grade A,2016-06-01,0,Grade A,2015-06-01,0,Grade A, 2014-06-01,,,
Kamo Takeaways,"569 Kamo Road, Kamo, Whangarei",174.3001995,-35.6820189,Grade A+,2015-08-01,0,Grade A+, 2013-09-01,,,,,,
Kara Valley Bacon,"572 Karo Road, Maungatapere, Whangarei",174.1956008,-35.7026612,Grade A,2015-06-01,0,Grade A, 2014-06-01,,,,,,
KD's Lunch Bar,"277 Port Road, Whangarei",174.3458598,-35.7443151,Grade A+,2015-12-01,,,,,,,,,
Keen Kitchen,"Barge Showground Kitchen, Maunu, Whangarei",174.2772851,-35.7431985,Grade A,2016-06-01,,,,,,,,,
Kensington Foodmart," 95 Kamo Road, Kensington, Whangarei ",174.321575,-35.708895,Grade B , 2013-08-01,,,,,,,,,
Kensington Tavern," Corner of Kensington Avenue and Davies Street, Kensington, ",174.320872,-35.708628,Grade A+,2015-06-01,0,Grade A+, 2014-07-01,,,,,,
KFC,"126 Bank Street, Whangarei",174.3209145,-35.7205168,Grade A+,2015-06-01,0,Grade A+, 2014-07-01,,,,,,
Killer Prawn,"22 Bank Street, Whangarei",174.3194802,-35.7255682,Grade A+,2016-03-01,0,Grade A+, 2015-04-01,,,,,,
King's Mart,"18 John Street, Whangarei",174.3224147,-35.7255588,Grade A,2015-09-01,0,Grade A, 2014-08-01,,,,,,
Kings Takeaway,"525 Kamo Road, Kamo, Whangarei",174.3008318,-35.6832152,Grade A+,2015-09-01,0,Grade A+, 2014-10-01,,,,,,
Kingsgate Hotel,"9 Riverside Drive, Whangarei",174.327632,-35.723466,Grade A+,2015-10-01,0,Grade A+, 2014-09-01,,,,,,
Kingsway Dairy,"11A King Street, Hikurangi, Whangarei",174.2868493,-35.60007,Grade A,2015-08-01,0,Grade A, 2014-08-01,,,,,,
Kitchen Giggles,"42 Pukeatua Road, Maungatapere, Whangarei",174.2077539,-35.7674017,Grade A+,2016-02-01,,,,,,,,,
Kitchen on the Coast,"14 Taonga Lane, Tutukaka, Whangarei",174.5329402,-35.6257313,Grade A+,2015-11-01,0,Grade A+, 2015-03-01,,,,,,
Kiwi Cakes,"1C/D Grant Street, Kamo, Whangarei",174.301472,-35.6833479,Grade A,2016-06-01,-1,Grade A+,2015-06-01,0,Grade A+, 2014-11-01,,,
Kiwi Kai,"Waipu Hotel, 4 South Road, Waipu, Whangarei",174.323708,-35.7251117,Grade A+,2015-09-01,,,,,,,,,
Kiwiyo,"The Strand Arcade, 41 Cameron Street, Whangarei",174.3204131,-35.7254219,Grade A,2016-05-01,0,Grade A,2015-05-01,,,,,,
Korna Store,"45 Morningside  Road, Morningside, Whangarei",174.3201224,-35.7345333,Grade B,2015-08-01,,,,,,,,,
Kowharewa Bay Smokers,"146 Tutukaka Block Road, Tutukaka, Whangarei",174.5287194,-35.6215779,Grade A,2015-12-01,0,Grade A, 2014-12-01,,,,,,
La Bella Pizza and Pasta,"7 Bank Street, Whangarei",174.3191618,-35.72697,Grade A,2015-07-01,,Grade A, 2014-07-01,,,,,,
La Familia,"82 Cameron Street, Whangarei",174.3221367,-35.7263764,Grade A+,2016-02-01,0,Grade A+, 2014-12-01,,,,,,
La Nonna Italian Bakery Ruakaka,"State Highway 1, Ruakaka, Whangarei",175.2074759,-37.7264572,Grade A+,2016-02-01,,,,,,,,,
"Land and Sea Cafe, Bar and Eatery","Unit 1 and 2A, 30 Rauiri Drive, Marsden Cove, Whangarei",174.4729547,-35.8377953,Grade A+,2015-08-01,0,Grade A+,2015-07-01,,,,,,
LBz Chocoholic D'Lites,"553 Crane Road, Kauri, Whangarei",174.2846466,-35.6483941,Grade A,2016-06-01,,,,,,,,,
Legend Sushi,"507 Kamo Road, Kamo, Whangarei",174.3006572,-35.6840853,Grade A+,2015-09-01,0,Grade A+, 2013-10-01,,,,,,
Lekker Lekker,"121 Riverside Drive, Whangarei ",174.338386,-35.728844,Grade A, 2014-12-01,,,,,,,,,
Lil Espresso Alley,"Tahora House, Hospital Road, Maunu, Whangarei",174.2991423,-35.7359416,Grade A,2016-02-01,,,,,,,,,
Lil Orbits Donuts,"Okara Shopping Centre, Port Road, Whangarei",174.3302107,-35.7311504,Grade A,2016-02-01,,,,,,,,,
Lili's Cafe,"1675 State Highway 1, Whakapara, Whangarei ",174.276973,-35.541652,Grade A+,2015-11-01,0,Grade A+, 2014-12-01,,,,,,
Linksview Lookout Cafe,"3229 State Highway 1, Waipu, Whangarei",174.4582393,-35.9458795,Grade A,2016-06-01,-1,Grade A+,2015-09-01,0,Grade A+, 2014-11-01,,,
Liquor King Whangarei,"53 Maunu Road, Maunu, Whangarei",174.3116694,-35.7311981,Grade A,2015-12-01,0,Grade A, 2014-12-01,,,,,,
Little Red,"7 Cove Road, Waipu, Whangarei",174.4489912,-35.9849874,Grade A+,2016-02-01,,Grade A+, 2014-12-01,,,,,,
Love Mussel Cafe Restaurant and Wine Bar,"Town Basin, Quayside, Whangarei",174.3259879,-35.7245136,Grade A+,2016-03-01,,,,,,,,,
Luckywok Chinese Fast Food,"4 Vine Street, Whangarei",174.3190965,-35.7257003,Grade A,2016-03-01,,,,,,,,,
Lupton House,"1 Lupton Avenue, Kensington, Whangarei",174.3200413,-35.7142848,Grade A+,2016-03-01,,,,,,,,,
Mad 4 Pizza,"241 Kamo Road, Whau Valley, Whangarei",174.3124866,-35.6986656,Grade A+,2016-03-01,,,,,,,,,
Made Today,"Saint Mary's Road, Waipu, Whangarei",174.435109,-35.997137,Grade A, 2014-10-01,,,,,,,,,
Madly Indian Restaurant,"1 The Centre, Waipu, Whangarei",174.4470456,-35.9849203,Grade A,2015-12-01,,Grade A+, 2014-10-01,,,,,,
Madly Thai Restaurant,"Shop 5, Big Tomato Complex, Port Marsden Highway, Whangarei",174.4522633,-35.8634135,Grade A+,2016-03-01,,,,,,,,,
Magic Tasty Takeaways,"2/4 The Centre, Waipu, Whangarei",174.4470337,-35.9846096,Grade B,2015-10-01,-3,Grade A+, 2014-04-01,,,,,,
Malbas," 37 Vine Street, Whangarei",174.318999,-35.725516,Grade A, 2013-03-01,,,,,,,,,
Manaia Espresso,"Walu Lane (Pvt), Matapouri, Whangarei",174.5157714,-35.585735,Grade B,2016-04-01,,,,,,,,,
Marina Pizzeria,"Marina Road, Tutukaka, Whangarei",174.5260906,-35.6090796,Grade A+,2015-07-01,0,Grade A+, 2014-08-01,,,,,,
Marsden Cove Marina General Store,"Unit 10, 30 Rauiri Drive, Marsden Cove, Whangarei",174.4687823,-35.8368687,Grade A,2016-03-01,1,Grade B+,2015-09-01,,,,,,
Matapouri Bay Store,"952 Matapouri Road, Matapouri, Whangarei",174.5037295,-35.5657255,Grade A,2016-03-01,0,Grade A, 2015-03-01,,,,,,
Maungakaramea Service Station,"15 Tauraroa Road, Maungakaramea, Whangarei",174.2049557,-35.8449896,Grade A,2015-12-01,0,Grade A, 2014-12-01,,,,,,
Maunu Hot Bread Shop,"74 Maunu Road, Maunu, Whangarei",174.3116824,-35.7307451,Grade A+,2015-09-01,0,Grade A+, 2014-09-01,,,,,,
Maunu Superette,"11 Maunu Road, Maunu, Whangarei",174.3158654,-35.7284943,Grade A,2015-06-01,0,Grade A, 2014-06-01,,,,,,
McDonalds,"145 Bank Street, Regent, Whangarei",174.321391,-35.718549,Grade A, 2015-03-01,,,,,,,,,
McDonalds Kamo,"511 Kamo Road, Kamo, Whangarei",174.300722,-35.683719,Grade A,2016-05-01,0,Grade A, 2015-03-01,,,,,,
McMorrissey's Irish Pub and Eatery,"7 Vine Street, Whangarei",174.3196006,-35.7257143,Grade A+, 2015-02-01,,,,,,,,,
Meadow Park Store,"1 Meadow Park Crescent, Tikipunga, Whangarei",174.3317952,-35.684408,Grade A,2015-08-01,0,Grade A, 2014-09-01,,,,,,
Mean Ear Vietnamese Restaurant,"Rathbone Street, Whangarei",174.3213617,-35.7240557,Grade A+,2016-03-01,,,,,,,,,
Mega Cafe Whangarei,"44 Porowini Avenue, Whangarei",174.3215713,-35.7320302,Grade A+,2015-09-01,0,Grade A+, 2014-09-01,,,,,,
Meganlicious Cakes,"32 Tudehope Road, Matarau, Whangarei",174.2187469,-35.6559134,Grade A+,2015-09-01,,,,,,,,,
Mi Case Gallery,"Stall, Sandy Bay, Whangarei",174.4750137,-35.5324746,Grade A,2015-11-01,,,,,,,,,
Miners Rest Cafe,"45 King Street, Hikurangi, Whangarei",174.2858363,-35.5972909,Grade A,2016-05-01,0,Grade A, 2014-05-01,,,,,,
Miner's Restaurant Cafe,"George Street, Hikurangi, Whangarei",174.2867719,-35.6083354,Grade A+,2015-08-01,,,,,,,,,
Mobil Tikipunga,"209 Kiripaka Road, Tikipunga, Whangarei",174.3285219,-35.6846452,Grade A,2015-07-01,0,Grade A, 2014-08-01,,,,,,
Mokaba,"6 Quayside, Town Basin, Whangarei",174.323708,-35.7251117,Grade A+,2015-11-01,,,,,,,,,
Mr Whippy Northland,"Mobile Van, Whangarei",174.323708,-35.7251117,Grade A,2015-07-01,,,,,,,,,
Name,Address,X,Y,Grade,Published,Change,GradeX,PublishedX,ChangeX,GradeX1,PublishedX1,,,
Nando's," 12 Vine Street, Whangarei",174.31924,-35.725802,Grade A+, 2015-02-01,,,,,,,,,
Narbey Olive Oil," 728 Ormiston Road, Waipu, Whangarei ",174.387944,-35.934734,Grade A, 2014-05-01,,,,,,,,,
Nectar Cafe,"84 Bank Street, Whangarei",174.3199477,-35.7237641,Grade A+,2015-11-01,0,Grade A+, 2014-12-01,,,,,,
Newday Cafe and Catering,"1387 Whangarei Heads Road, Parua Bay, Whangarei",174.4805517,-35.7691531,Grade A+,2016-04-01,0,Grade A+,2015-06-01,0,Grade A+, 2014-06-01,,,
Ngunguru Foodmart,"1977 Ngunguru Road, Ngunguru, Whangarei",174.504167,-35.629721,Grade A, 2015-03-01,,,,,,,,,
Ngunguru Takeaways,"1977 Ngunguru Road, Ngunguru, Whangarei",174.5041669,-35.6297214,Grade B,2016-06-01,-3,Grade A+,2015-06-01,,,,,,
No7 Espresso,"Rust Avenue, Whangarei",174.3180649,-35.7236491,Grade B,2016-04-01,,,,,,,,,
Noodle Canteen (Whangarei),"53 Vine Street, Whangarei",174.3193529,-35.7255502,Grade A+,2015-11-01,0,Grade A+, 2014-10-01,,,,,,
Noodle Canteen Tikipunga,"81 Paramount Parade, Tikipunga, Whangarei",174.3219802,-35.6829289,Grade A+,2015-09-01,0,Grade A+, 2014-10-01,,,,,,
North Tec Snak N Yak  Cafeteria," 49 Raumanga Valley Road, Raumanga, Whangarei",174.306077,-35.740333,Grade A+, 2015-03-01,,,,,,,,,
Northern Live Fisheries," Food Stall @ Whangarei Grower's Market, Water Street Car Park, ",174.318495,-35.725989,Grade A,2016-05-01,0,Grade A, 2014-09-01,,,,,,
Northland Hockey Association,"Western Hills Drive, Kensington, Whangarei",174.312649,-35.7084818,Grade A,2015-08-01,0,Grade A, 2014-08-01,,,,,,
Northland Ice 3 Cubed,"108 Cameron Street, Whangarei",174.3231996,-35.7270994,Grade B+,2016-02-01,,,,,,,,,
Nosebag Kafe,"203 Whau Valley Road, Whau Valley, Whangarei ",174.294347,-35.703879,Grade A+, 2014-06-01,,,,,,,,,
NZ Fudge Farm,"Shop 3, Quay Street, Town Basin, Whangarei",174.323708,-35.7251117,Grade A+,2015-08-01,,,,,,,,,
Oakleigh Service Station,"State Highway 1, Oakleigh, Whangarei",174.2994885,-35.7914097,Grade A,2016-02-01,-1,Grade A+, 2014-12-01,,,,,,
Oakura Bay Cafe,"155 Oakura Road, Oakura, Whangarei ",174.343487,-35.389133,Grade B,2015-12-01,0,Grade B , 2014-12-01,,,,,,
Oakura Bay Store,"138 Oakura Road, Oakura, Hikurangi",174.342788,-35.390447,Grade A,2015-08-01,0,Grade A, 2014-08-01,,,,,,
Oasis Store,"21 Bream Bay Drive, Ruakaka, Whangarei",174.4550969,-35.9065164,Grade B+,2016-04-01,-1,Grade A, 2015-03-01,,,,,,
Oceans Resort Tutukaka," 4-11 Marina Road, Tutukaka, Whangarei",174.524447,-35.609715,Grade A+,2015-07-01,0,Grade A+, 2014-08-01,,,,,,
Okara Lunchbar,"61 Port Road, Whangarei",174.329598,-35.7298401,Grade A+,2016-03-01,,,,,,,,,
Okara Sushi Town,"Okara Shopping Centre, 38 Port Road, Whangarei",174.3294767,-35.7306855,Grade A,2016-05-01,-1,Grade A+,2015-07-01,,,,,,
Okara Takeaways,"36 Port Road, Whangarei",174.3299692,-35.730719,Grade A+,2015-11-01,,,,,,,,,
Okara Yummy Sushi,"Okara Shopping Centre, 38 Port Road, Whangarei",174.3294767,-35.7306855,Grade B,2016-05-01,-3,Grade A+,2015-07-01,,,,,,
Old Taurikura Store,"Whangarei Heads Road, Taurikura, Whangarei",174.5236559,-35.8256549,Grade A+,2016-02-01,,,,,,,,,
Omak Meats,"531 Kamo Road, Kamo, Whangarei",174.3005032,-35.6830975,Grade A,2015-07-01,0,Grade A, 2014-07-01,,,,,,
One Tree Point Store,"178 One Tree Point Road, One Tree Point, Whangarei",174.4588089,-35.8254644,Grade A,2016-03-01,0,Grade A, 2015-03-01,,,,,,
Onerahi Bakery,"114 Onerahi Road, Onerahi, Whangarei",174.3680823,-35.7548574,Grade A+,2015-09-01,,,,,,,,,
Onerahi Dairy,"114A Onerahi Road, Onerahi, Whangarei",174.3680897,-35.7549116,Grade B,2016-05-01,-2,Grade A, 2015-04-01,,,,,,
Onerahi Fish and Takeaways,"121 Onerahi Road, Onerahi, Whangarei",174.3677319,-35.7488383,Grade A+,2015-10-01,,,,,,,,,
Onerahi Foodmart,"16 Old Onerahi Road, Onerahi, Whangarei",174.365647,-35.749325,Grade A, 2014-08-01,,,,,,,,,
Onerahi Hot Bread Shop,"122 Onerahi Road, Onerahi, Whangarei",174.3681891,-35.7553373,Grade A+,2015-09-01,,,,,,,,,
Onerahi Tavern,"Cnr Waverley Street and Onerahi Road, Onerahi, Whangarei",174.3684083,-35.7543435,Grade A+,2015-11-01,0,Grade A+, 2014-11-01,,,,,,
Oriental Foodmart,"8 John Street, Whangarei",174.3220847,-35.7257665,Grade B,2016-05-01,-2,Grade A, 2015-04-01,,,,,,
Otaika Dairy,"1 Otaika Road, Whangarei",174.3099621,-35.7324538,Grade B+,2015-09-01,-1,Grade A, 2014-09-01,,,,,,
Otaika Takeaways,"1 Otaika Road, Whangarei",174.3099621,-35.7324538,Grade A+,2015-09-01,0,Grade A+, 2014-09-01,,,,,,
Otangarei Superette,"167 William Jones Drive, Otangarei, Whangarei",174.3196358,-35.6949395,Grade A,2015-11-01,0,Grade A, 2014-11-01,,,,,,
Outboard," Marsden Point Road, Ruakaka, Whangarei",174.453613,-35.879439,Grade A, 2015-03-01,,,,,,,,,
Pacific Rendezvous  Store," 73 Motel Road, Tutukaka, Whangarei",174.536106,-35.621056,Grade A, 2015-03-01,,,,,,,,,
Pacific Rim Food Corporation," 3 Rewa Rewa Road, Whangarei ",174.312238,-35.752219,Grade A, 2014-12-01,,,,,,,,,
Pantry Cafe,"50 Kioreroa Road, Whangarei",174.3313222,-35.741843,Grade B,2016-04-01,-3,Grade A+,2015-08-01,0,Grade A+, 2014-04-01,,,
Parua Bay Fish and Chip Shop,"1037 Whangarei Heads Road, Parua Bay, Whangarei",174.451271,-35.7725254,Grade A+,2015-08-01,0,Grade A+, 2013-12-01,,,,,,
Parua Bay Gas Station," Whangarei Heads Road, Parua Bay, Whangarei",174.420743,-35.778535,Grade A, 2015-03-01,,,,,,,,,
Parua Bay Tavern,"1034 Whangarei Heads Road, Parua Bay, Whangarei",174.4517376,-35.7727392,Grade A,2016-05-01,-1,Grade A+, 2015-03-01,,,,,,
Parua Boys Bakery,"1375 Whangarei Heads Road, Parua Bay, Whangarei",174.4794392,-35.7695415,Grade B,2016-05-01,-3,Grade A+, 2014-08-01,,,,,,
Pataua Olive Grove,"28 Mahanga Road, Pataua South, Whangarei",174.5272676,-35.7186603,Grade A,2016-04-01,,,,,,,,,
Patel's Foodmarket," 162A Kamo Road, Kensington, Whangarei",174.31283,-35.698014,Grade B,2016-06-01,0,Grade B, 2015-04-01,,,,,,
Pauline Yearbury Catering,"25 Matapouri Road, Ngunguru, Whangarei",174.511201,-35.6244057,Grade A,2015-10-01,0,Grade A, 2014-10-01,,,,,,
Penny Farthing  Lunchbar," 81 Bank Street, Whangarei",174.319879,-35.723118,Grade B+, 2013-04-01,,,,,,,,,
Petra's Pantry,"47 The Centre, Waipu, Whangarei",174.4447247,-35.9843882,Grade A+,2016-02-01,0,Grade A+, 2014-12-01,,,,,,
Pilkingtons Cafe,"36 Port Road, Whangarei",174.3299692,-35.730719,Grade A,2016-06-01,,,,,,,,,
Pimarn Thai Restaurant,"12 Rathbone Street, Whangarei",174.3208945,-35.7247643,Grade A+,2015-10-01,0,Grade A+, 2014-10-01,,,,,,
Pipers Restaurant,"Clansman Motel, 30 Cove Road, Waipu, Whangarei",174.323708,-35.7251117,Grade B,2016-06-01,,,,,,,,,
Pita Pit Whangarei,"Shop 4, Okara Shopping Centre, Port Road, Whangarei",174.3381585,-35.7406583,Grade A+,2016-03-01,,,,,,,,,
Pizza Hut Whangarei,"141 Bank Street, Regent, Whangarei",174.3210191,-35.7196473,Grade A,2016-05-01,-1,Grade A+,2015-05-01,0,Grade A+, 2014-05-01,,,
Plaza Mobil Mart,"4 Albert Street, Whangarei",174.320542,-35.7279131,Grade A,2015-11-01,0,Grade A, 2014-11-01,,,,,,
Poroti Tavern,"752 Mangakahia Road, Poroti, Whangarei ",174.130665,-35.737381,Grade B,2016-04-01,-2,Grade A, 2014-11-01,,,,,,
Portland Staff Cafeteria,"Portland Road, Portland, Whangarei",174.3179679,-35.798017,Grade A+,2015-11-01,,,,,,,,,
Puncles,"163 Kiripaka Road, Tikipunga, Whangarei",174.3266028,-35.686942,Grade A+,2015-07-01,,,,,,,,,
Putiputi Ra,"79 Walton Street, Whangarei",174.3236824,-35.7251802,Grade B+,2015-12-01,1,Grade B , 2014-12-01,,,,,,
Quail Cafe,"Russell Road, Kensington, Whangarei",174.3089622,-35.7091246,Grade A,2016-04-01,,,,,,,,,
Quail Ridge Olives," 143 Sawa Way, Matapouri Bay, Whangarei ",174.501248,-35.565318,Grade A, 2014-12-01,,,,,,,,,
Quarry Studio Cafe,"21 Selwyn Avenue, Whangarei",174.312392,-35.72163,Grade B+,2015-12-01,0,Grade B+ , 2014-12-01,,,,,,
Rainbow Dairy,"25 Rust Avenue, Whangarei",174.3164933,-35.7226949,Grade C,2016-05-01,-1,Grade B,2015-09-01,-1,Grade B+, 2013-09-01,,,
Rascals Cafe," 6 Rathbone Street, Whangarei",174.320665,-35.724961,Grade A+, 2014-10-01,1,Grade A, 2013-09-01,,,,,,
Rascals Takeaway,"Rathbone Street, Whangarei",174.3213617,-35.7240557,Grade A+,2016-03-01,,,,,,,,,
Rasheed's Shop N Save,"3 Maunu Road, Whangarei",174.3164207,-35.7280804,Grade B+,2016-02-01,-1,Grade A, 2014-12-01,,,,,,
RD 1(now Farm Source),"18 Kioreora Road, Whangarei",174.3333713,-35.7400384,Grade A,2015-10-01,,,,,,,,,
Red Pizzeria,"Corner of Kensington Avenue and Davies Street, Kensington, ",174.320872,-35.708628,Grade A+,2015-06-01,0,Grade A+, 2014-07-01,,,,,,
Reduced to Clear,"Tarewa Shopping Centre, Whangarei",174.323708,-35.7251117,Grade A,2015-08-01,,,,,,,,,
Refuel Cafe,"Western Hills Drive, Kensington, Whangarei",174.312649,-35.7084818,Grade A,2016-06-01,-1,Grade A+,2015-05-01,,Grade A+, 2014-06-01,,,
Regency Pies,"45 Maunu Road, Maunu, Whangarei",174.3125583,-35.7307059,Grade A,2015-09-01,0,Grade A, 2014-08-01,,,,,,
Relish Cafe and  Catering," 81 Paramount Parade, Tikipunga, Whangarei",174.32198,-35.682929,Grade A+, 2014-09-01,,,,,,,,,
Reva's on the Waterfront,"Town Basin, Quayside, Whangarei",174.3259879,-35.7245136,Grade A+,2016-03-01,,,,,,,,,
Riverside Bakery,"121 Riverside Drive, Riverside, Whangarei",174.3383861,-35.7288437,Grade A+,2015-10-01,0,Grade A+, 2014-10-01,,,,,,
Riverside Cafe,"14 Quayside, Town Basin, Whangarei",174.323708,-35.7251117,Grade A+,2015-11-01,,,,,,,,,
Road House Lunchbar & Cafe,"7 Rewa Rewa Road, Whangarei",174.3122376,-35.7522036,Grade B,2016-05-01,-3,Grade A+, 2014-05-01,,,,,,
Roadside Tuckshop,Mobile Shop Whangarei,174.323708,-35.7251117,Grade A,2015-05-01,,,,,,,,,
Rock Salt Catering,"Forum North, Rust Avenue, Whangarei",174.3180649,-35.7236491,Grade A+,2016-03-01,,,,,,,,,
Ruakaka Sushi Shop,"Ruakaka Shopping Centre, 378 Marsden Point Road, Ruakaka, Whangarei",174.323708,-35.7251117,Grade A+,2015-09-01,0,Grade A+, 2014-09-01,,,,,,
Ruakaka Tavern," 12 Marsden Point Road, Ruakaka, Whangarei",174.453613,-35.879439,Grade A, 2013-03-01,,,,,,,,,
Ruatangata Motors and Takeaways,"5 Thorburn Road, Ruatangata, Whangarei",174.210049,-35.669936,Grade A+,2015-06-01,1,Grade A, 2014-02-01,,,,,,
Rynoz Bar and Grill,"79 Cameron Street, Whangarei",174.321354,-35.7262531,Grade A+,2015-10-01,0,Grade A+, 2014-10-01,,,,,,
Sabai Thai Restaurant and Takeaway,"150 Bank Street, Whangarei",174.3216447,-35.7191436,Grade A,2015-11-01,0,Grade A, 2014-11-01,,,,,,
Sabres Ezi Meals,"80 Station Road, Kamo, Whangarei",174.310067,-35.6776439,Grade A,2015-09-01,0,Grade A, 2014-08-01,,,,,,
Salt Air Cafe,"1983 Ngunguru Road, Ngunguru, Whangarei",174.504639,-35.6293824,Grade A+,2016-03-01,0,Grade A+, 2015-03-01,,,,,,
Sapporo Sushi," 71 Cameron Street, Whangarei",174.320852,-35.726066,Grade A+, 2015-04-01,,,,,,,,,
Savoeun's Pastry Cafe,"119 Maunu Road, Maunu, Whangarei",174.3050754,-35.7343824,Grade A+,2015-07-01,0,Grade A+, 2014-07-01,,,,,,
Schnapper Rock Restaurant,"Cnr Marlin Place & Marina Road, Tutukaka, Whangarei",174.52651,-35.608829,Grade A,2016-03-01,0,Grade A, 2015-03-01,,,,,,
Seachange Beach Cafe,"79 Bream Bay Drive, Ruakaka, Whangarei ",174.459957,-35.908554,Grade A,2015-12-01,0,Grade A, 2014-11-01,,,,,,
Seasons Cafe,"91 Kamo Road, Kensington, Whangarei",174.3216347,-35.7091762,Grade A+,2015-12-01,0,Grade A+, 2014-10-01,,,,,,
Serenity Cafe,"Shop 6, Town Basin, Quayside Way, Whangarei",174.323708,-35.7251117,Grade A+,2016-03-01,,,,,,,,,
Shed Seven and Dive! Tutukaka,"Marina Road, Tutukaka, Whangarei",174.5260906,-35.6090796,Grade A+,2015-08-01,0,Grade A+,2015-07-01,,,,,,
Sherwood Park Golf Club,"114 Millington Road, Maunu, Whangarei",174.241931,-35.7333234,Grade A+,2015-07-01,0,Grade A+, 2014-08-01,,,,,,
Shiraz Indian Restaurant and Bar,"58 Walton Street, Whangarei",174.3211081,-35.7271901,Grade A,2016-06-01,-1,Grade A+,2015-07-01,,,,,,
Shiraz Indian Restaurant Kamo,"569 Kamo Road, Kamo, Whangarei",174.3001995,-35.6820189,Grade A+,2015-11-01,0,Grade A+, 2014-11-01,,,,,,
Shiraz Indian Sweets  & Snacks," 56 Walton Street, Whangarei",174.322714,-35.726081,Grade A+, 2015-03-01,,,,,,,,,
Shotgun Betty's,"37 Vine Street, Whangarei",174.318999,-35.7255159,Grade A+,2015-10-01,0,Grade A+, 2014-10-01,,,,,,
Soda Cafe,"505 Kamo Road, Kamo, Whangarei",174.3009686,-35.6839788,Grade A+,2015-09-01,0,Grade A+, 2014-09-01,,,,,,
Something American,"1824 Pataua North Road, Pataua North, Whangarei",174.5101959,-35.7026404,Grade A+,2016-04-01,,,,,,,,,
Spanish Churros New Zealand," 205 Kamo Road, Kamo, Whangarei ",174.314525,-35.700894,Grade A, 2013-08-01,,,,,,,,,
Special Olympics  Chockies," 174 Portland Rd, Portland, Whangarei",174.317322,-35.7978,Grade A+, 2014-07-01,,,,,,,,,
Spice Route,"Princes Road, Ruakaka, Whangarei",174.4512226,-35.9003836,Grade A+,2016-02-01,,,,,,,,,
Spice Traders,"The Strand, 41 Cameron Street, Whangarei",174.3204131,-35.7254219,Grade A+,2016-03-01,,,,,,,,,
Split Bar and Restaurant,"15 Rathbone Street, Whangarei",174.3208633,-35.724365,Grade A+,2015-06-01,1,Grade A, 2013-10-01,,,,,,
Spot On Ice and Bait,"28 Herekino Street, Whangarei",174.3295378,-35.7284807,Grade A,2015-07-01,0,Grade A, 2014-09-01,,,,,,
Springs Flat Roadhouse,"53 Great North Road, Kamo, Whangarei",174.2980554,-35.6684577,Grade A,2015-12-01,-1,Grade A+, 2014-12-01,,,,,,
Stakeout Bar and Grill,"117 Bank Street, Whangarei",174.3202481,-35.721417,Grade A+,2015-11-01,0,Grade A+, 2014-12-01,,,,,,
Strikers Cafe,"Inside the Whangarei 10 Pin Bowling and Lazer Centre, 129 Port Road, Whangarei",174.3330987,-35.7338853,Grade A+,2015-07-01,,,,,,,,,
Stroop o'Clock," 45 Te Maika Road, Ngunguru, Whangarei",174.515582,-35.625993,Grade A+, 2015-03-01,,,,,,,,,
Stumpy's Takeaways,"121 Riverside Drive, Riverside, Whangarei",174.3383861,-35.7288437,Grade A+,2015-10-01,0,Grade A+, 2014-10-01,,,,,,
Subway Okara,"Okara Shopping Centre, Port Road, Whangarei",174.3302107,-35.7311504,Grade A+,2016-03-01,0,Grade A+, 2015-03-01,,,,,,
Subway Tarewa,"15 Lower Tarewa Road, Whangarei",174.3186495,-35.7287459,Grade A+,2016-03-01,0,Grade A+, 2015-03-01,,,,,,
Subway Whangarei,"11 Rathbone Street, Whangarei",174.320763,-35.724415,Grade A+,2016-03-01,0,Grade A+, 2015-03-01,,,,,,
Sugar and Iced,"61 Russell Road, Whangarei",174.3092928,-35.70963,Grade A,2016-06-01,,,,,,,,,
Sugar Rush,"37 Bank Street, Whangarei ",174.31939,-35.725198,Grade B,2015-07-01,0,Grade B , 2014-06-01,,,,,,
Suk Jai Thai Restaurant,"93 Kamo Road, Kensington, Whangarei",174.321606,-35.70903,Grade A+,2015-08-01,0,Grade A+, 2014-09-01,,,,,,
Sun City Takeaways,"59 King Street, Hikurangi, Whangarei",174.285603,-35.59626,Grade A+, 2013-09-01,,,,,,,,,
Sun Wah Restaurant,"13 Bank Street, Whangarei",174.31911,-35.7263318,Grade A+,2015-09-01,,,,,,,,,
Suncourt Sushi,"60 Cameron Street, Whangarei",174.3213561,-35.7257159,Grade A+,2016-03-01,,,,,,,,,
Sunnyside Foodmarket,"78 Station Road, Kamo, Whangarei",174.3099556,-35.6776768,Grade A,2015-09-01,0,Grade A, 2014-10-01,,,,,,
Surplus Direct,"25 Walton Street, Whangarei",174.318545,-35.72739,Grade A, 2014-09-01,,,,,,,,,
Sushi Republic,"The Strand, 41 Cameron Street, Whangarei",174.3204131,-35.7254219,Grade A+,2016-03-01,,,,,,,,,
Sushi Republic Okara,"4 Port Road, Whangarei",174.3272331,-35.7299622,Grade A+,2015-11-01,,,,,,,,,
Sweet Az Ice Cream,"62 High Street, Whangarei",174.31591,-35.741632,Grade A,2016-02-01,0,Grade A, 2014-03-01,,,,,,
Tahi Cafe,"1774 Pataua North Road, Pataua North, Whangarei",174.5054668,-35.697313,Grade A+,2016-04-01,0,Grade A+, 2014-08-01,,,,,,
Tai Tong Restaurant &  Takeaway,"206 Bank Street, Whangarei",174.3227782,-35.7157089,Grade A+,2015-10-01,0,Grade A+, 2015-03-01,,,,,,
Taihoa Trust,"18 Taihoa Road, Parua Bay, Whangarei",174.4831477,-35.7772496,Grade A,2016-04-01,0,Grade A,2015-05-01,0,Grade A, 2013-05-01,,,
Tank Fuel,"Cameron Street, Whangarei",174.3221247,-35.7265927,Grade B,2016-04-01,,,,,,,,,
Tawapou Coastal  Natives," 606 Matapouri Road, Matapouri, Whangarei",174.518069,-35.582832,Grade A, 2015-03-01,,,,,,,,,
T-Cam Takeaway,"State Highway 14, Maungatapere, Whangarei",174.237636,-35.7408623,Grade B+,2015-08-01,,,,,,,,,
Te Rongo Road Caterers,"167 Te Rongo Road, Parua Bay, Whangarei",174.4419115,-35.7635214,Grade A,2016-06-01,,,,,,,,,
The Apprentice Cafe,"19 Dyer Street, Whangarei",174.3147179,-35.7568176,Grade A+,2015-09-01,0,Grade A+, 2014-09-01,,,,,,
The Apprentice Restaurant,"NorthTec, 49 Raumanga Valley Road, Whangarei",174.306077,-35.7403335,Grade A,2016-06-01,-1,Grade A+,2016-03-01,,,,,,
The Aussie Butcher," Otaika Road, Otaika, Whangarei",174.307729,-35.74315,Grade A, 2015-03-01,,,,,,,,,
The Bakehouse Cafe,"21 Rathbone Street, Whangarei",174.3210115,-35.7242486,Grade A+,2015-08-01,0,Grade A+, 2014-08-01,,,,,,
The Baker's Crust,"81 Port Road, Whangarei",174.3303452,-35.7300256,Grade A+,2015-08-01,0,Grade A+, 2014-08-01,,,,,,
The Beach House Restaurant,"Cove Road, Waipu",174.488977,-36.016168,Grade A, 2013-03-01,,,,,,,,,
The Cabbage Tree,"18 Rathbone Street, Whangarei",174.3212673,-35.724176,Grade B,2016-06-01,,,,,,,,,
The Cafe Helena Bay Hill,"1392 Russell Road, Helena Bay, Whangarei",174.3273361,-35.4564775,Grade A,2016-05-01,-1,Grade A+,2015-05-01,0,Grade A+, 2014-05-01,,,
The Cheesecake Shop,"1 Lower Tarewa Road, Whangarei",174.3186703,-35.7286799,Grade A+,2015-12-01,0,Grade A+, 2014-12-01,,,,,,
The Cove,"910 Cove Road, Waipu, Whangarei",174.5069165,-36.0298777,Grade A+,2015-11-01,0,Grade A+,2015-05-01,,,,,,
The Deck,"1 Reotahi Road, McLeod Bay, Whangarei",174.323708,-35.7251117,Grade A,2016-04-01,,,,,,,,,
The Fat Camel,"12 Quality Street, Whangarei",174.323708,-35.7251117,Grade A+,2015-11-01,,,,,,,,,
The Fruit and Vege Warehouse,"26 Maunu Road, Maunu, Whangarei",174.3153629,-35.728602,Grade B,2016-06-01,-2,Grade A,2015-06-01,0,Grade A, 2014-06-01,,,
The Good Food Collective,"1375 Whangarei Heads Road, Parua Bay, Whangarei",174.4794392,-35.7695415,Grade A,2016-03-01,,,,,,,,,
The Herekino Street Lunchbar,"10 Herekino Street, Whangarei ",174.328167,-35.728188,Grade A+, 2014-12-01,,,,,,,,,
The Kamo Hotel,"567 Kamo Road, Kamo, Whangarei ",174.299938,-35.682948,Grade A+, 2014-11-01,,,,,,,,,
The Korna Store,"45 Morningside Road, Whangarei",174.320122,-35.734533,Grade A, 2014-08-01,,,,,,,,,
The Lettuce Patch,"413 Otaika Valley Road, Otaika Valley, Whangarei",174.2600452,-35.7747125,Grade A,2015-10-01,0,Grade A, 2014-10-01,,,,,,
The Little Kitchen,"Mobile Shop, Whangarei",174.323708,-35.7251117,Grade A,2015-08-01,,,,,,,,,
The Mustard Seed  Cafe," 26 Rathbone Street, Whangarei",174.321985,-35.723493,Grade A+, 2013-04-01,,,,,,,,,
The New Kitchen,"6 Porowini Avenue, Whangarei",174.3160563,-35.729617,Grade A,2016-05-01,-1,Grade A+,2015-05-01,,,,,,
The Office Cafe,"State Highway 14, Maungatapere, Whangarei",174.237636,-35.7408623,Grade A+,2015-09-01,0,Grade A+, 2014-09-01,,,,,,
The Old Parakao Store Cafe,"2712 Mangakahia Road, Parakao, Whangarei",173.9550384,-35.7138224,Grade A+,2016-02-01,0,Grade A+,2015-12-01,,,,,,
The Old Stone Butter Factory,"8 Butter Factory Lane, Whangarei",174.3201181,-35.7237444,Grade A,2015-12-01,0,Grade A, 2014-12-01,,,,,,
The Piano Bar and Restaurant,"Rust Avenue, Whangarei",174.3180649,-35.7236491,Grade A+,2015-08-01,,,,,,,,,
The Press Cafe in  the Park,"90 Otaika Road, Whangarei",174.3104227,-35.7384337,Grade A,2016-05-01,-1,Grade A+, 2015-04-01,,,,,,
The Roadhouse Lunchbar and Cafe,"Rewa Rewa Road, Whangarei",174.3132502,-35.7522014,Grade A+,2015-05-01,0,Grade A+, 2015-03-01,,,,,,
The Tutukaka Gallery,"Marina Road, Tutukaka, Whangarei",174.5260906,-35.6090796,Grade B,2016-04-01,-3,Grade A+,2016-03-01,,,,,,
The Tutukaka General Store,"270 Matapouri Road, Tutukaka, Whangarei",174.5243805,-35.609975,Grade A,2016-03-01,,,,,,,,,
The Vege Twins,"187 Kamo Road, Whau Valley, Whangarei",174.3151823,-35.7023401,Grade B+,2016-03-01,-1,Grade A, 2015-03-01,0,Grade A, 2014-03-01,,,
The Warehouse,"38 Port Road, Whangarei",174.3294767,-35.7306855,Grade A,2016-05-01,0,Grade A,2015-07-01,,,,,,
The Whole Cake and Caboodle,"2 Gillingham Road, Kamo, Whangarei",174.3116031,-35.6764247,Grade A+,2015-10-01,0,Grade A+, 2014-11-01,,,,,,
Thyme Out Catering,"1 Wilkinson Avenue, Kamo, Whangarei",174.3028851,-35.6844192,Grade A+,2015-07-01,0,Grade A+, 2014-09-01,,,,,,
Tiffany's Coffee  Lounge,"1 James Street, Whangarei",174.3207578,-35.7255946,Grade A,2016-04-01,-1,Grade A+, 2015-04-01,,,,,,
Tiki Eatery and Bar,"3 Wanaka Street, Tikipunga, Whangarei",174.3215403,-35.6839389,Grade A,2015-11-01,,,,,,,,,
Tiki Roast,"81 Paramount Parade, Tikipunga, Whangarei",174.3219802,-35.6829289,Grade A+,2015-09-01,0,Grade A+, 2014-10-01,,,,,,
Tikipunga Bakehouse,"161 Kiripaka Road, Tikipunga, Whangarei",174.3265999,-35.6867845,Grade B,2016-05-01,-3,Grade A+,2015-05-01,2,Grade B+ , 2013-07-01,,,
Tikipunga Foodmarket,"171 Kiripaka Road, Tikipunga, Whangarei",174.326785,-35.6865612,Grade A,2015-07-01,0,Grade A, 2014-08-01,,,,,,
Tikipunga Hot Bread Shop,"173 Kiripaka Road, Tikipunga, Whangarei",174.326611,-35.686702,Grade A+,2015-08-01,0,Grade A+, 2014-09-01,,,,,,
Tikipunga Tavern," 3 Wanaka Street, Tikipunga, Whangarei ",174.320467,-35.684218,Grade A, 2014-11-01,,,,,,,,,
Tikipunga Wholesale Meats,"169 Kiripaka Road, Tikipunga, Whangarei",174.3267887,-35.6866129,Grade A,2016-06-01,0,Grade A,2015-06-01,0,Grade A, 2014-06-01,,,
Titoki Store,"Mangakahia Road, Titoki, Whangarei",174.0142634,-35.7048014,Grade B,2015-12-01,-2,Grade A, 2014-11-01,,,,,,
Tonia's Seafoods,"98 Addison Road, Pataua South, Whangarei",174.5054003,-35.7454153,Grade A,2015-12-01,,,,,,,,,
Tonic," 239A Kamo Road, Whau Valley, Whangarei",174.312511,-35.698695,Grade A+, 2014-10-01,,,,,,,,,
Topsail,"204 Beach Road, Onerahi, Whangarei",174.3614684,-35.7751496,Grade A+,2015-08-01,0,Grade A+, 2014-09-01,,,,,,
Tornado Trading Post," 2A George Street, Hikurangi",174.287645,-35.598582,Grade A, 2014-08-01,,,,,,,,,
Tornado Youth Community Trust,"2A George Street, Hikurangi, Whangarei",174.2876448,-35.5985825,Grade A,2015-08-01,,,,,,,,,
Tote & Poke," 82 Cameron Street, Whangarei ",174.322137,-35.726376,Grade A, 2014-12-01,,,,,,,,,
Traditional Kiwi Kai,"70 Cameron Street, Whangarei",174.3217815,-35.726206,Grade A,2016-04-01,-1,Grade A+, 2015-04-01,,,,,,
Traditional Roast,"63A Walton Street, Whangarei",174.3229159,-35.7257716,Grade D,2016-05-01,-2,Grade B, 2015-04-01,,,,,,
Treasure Island  Trailerpark Store," 88 Mahanga Road, Pataua South, Whangarei",174.528885,-35.718129,Grade A+, 2015-02-01,,,,,,,,,
Tui Crescent Foodmarket,"1 Tui Crescent, Whangarei",174.2827148,-35.7395208,Grade B+,2015-12-01,-1,Grade A, 2014-11-01,,,,,,
Tui Crescent Takeaways,"3 Tui Crescent, Maunu, Whangarei",174.2827412,-35.7396289,Grade B,2016-02-01,-1,Grade B+,2015-10-01,-2,Grade A+, 2014-10-01,,,
Tuk Tuk Coffee Ltd  Kia Van,"Mobile Shop, Whangarei",174.323708,-35.7251117,Grade A,2016-02-01,,,,,,,,,
Tumeric,"Shop 9, Quality Street, Whangarei",174.323708,-35.7251117,Grade A+,2016-03-01,,,,,,,,,
Turkish Delight,"26 Rathbone Street, Whangarei",174.3219992,-35.7235036,Grade A+,2015-07-01,,,,,,,,,
Turkuaz Cafe,"26 Rathbone Street, Whangarei",174.3219992,-35.7235036,Grade B,2016-06-01,,,,,,,,,
Tutukaka General  Store," 270 Matapouri Road, Tutukaka, Whangarei",174.524171,-35.610217,Grade A, 2015-04-01,,,,,,,,,
Twisted Sister Catering,"18 Nova Scotia Drive, Waipu, Whangarei",174.4487001,-35.9835493,Grade A,2016-03-01,-1,Grade A+, 2014-07-01,,,,,,
Two Birds Cafe and Restaurant,"378 Marsden Point Road, Ruakaka",174.455731,-35.874238,Grade A+,2015-07-01,0,Grade A+, 2014-08-01,,,,,,
Two Fish Cafe," 910 Cove Road, Waipu",174.506916,-36.029878,Grade A+, 2014-07-01,,,,,,,,,
Video Ezy Kamo," 475 Kamo Road, Kamo, Whangarei",174.301638,-35.685021,Grade A, 2013-03-01,,,,,,,,,
Vinyl Restaurant & Bar," 14 Rust Avenue, Whangarei",174.319036,-35.723939,Grade A+, 2013-02-01,,,,,,,,,
Volcanic Country,"34 Hawkin Road, Maungatapere, Whangarei",174.236982,-35.739551,Grade A,2016-04-01,0,Grade A, 2015-04-01,,,,,,
Waipu Bakery,"12 The Centre, Waipu, Whangarei",174.446676,-35.984427,Grade D,2016-05-01,-4,Grade A, 2015-04-01,,,,,,
Waipu Cafe/Deli,"29 The Centre, Waipu, Whangarei",174.445931,-35.9844873,Grade B,2016-05-01,-2,Grade A,2015-05-01,0,Grade A, 2015-04-01,,,
Waipu Cove General Store,"893 Cove Road, Waipu Cove, Whangarei",174.505816,-36.029322,Grade B+,2015-11-01,,Grade A, 2013-10-01,,,,,,
Waipu Hotel Kiwi Kai," 4 South Road, Waipu",174.447369,-35.985481,Grade A+, 2014-09-01,,,,,,,,,
Waipu Pizza Barn,"2 Cove Road, Waipu, Whangarei",174.4477751,-35.9850852,Grade A,2016-06-01,-1,Grade A+,2015-05-01,0,Grade A+, 2014-05-01,,,
Waipu Tyres and Automotive,"26 The Centre, Waipu, Whangarei",174.445938,-35.984268,Grade A,2016-05-01,,Grade B, 2015-04-01,,,,,,
Walton Street Cafe,"67 Walton Street, Whangarei",174.3230266,-35.7256514,Grade A+,2015-08-01,,Grade A+, 2014-08-01,,,,,,
Wave Cafe," 1C Ewing Road, Whangarei",174.325834,-35.721799,Grade A, 2014-10-01,,,,,,,,,
West End Schnapper Bar,"47 Maunu Road, Maunu, Whangarei ",174.312401,-35.730794,Grade A+,2015-12-01,0,Grade A+, 2014-11-01,,,,,,
West End Sushi,"119 Maunu Road, Maunu, Whangarei",174.3050754,-35.7343824,Grade B,2016-06-01,,,,,,,,,
Whananaki Beach Store,"2162 Wananaki North Road, Whananaki North, Whangarei",174.454275,-35.513803,Grade B,2016-04-01,,Grade A, 2015-04-01,,,,,,
Whangarei Netball Association,"Kensington Park, Kensington Avenue, Whangarei",174.3180551,-35.709255,Grade A,2015-05-01,,Grade A, 2014-07-01,,,,,,
Whangarei Repertory  Society,"13 Aubrey Road, Regent, Whangarei",174.323907,-35.71738,Grade B, 2015-04-01,,,,,,,,,
Whangarei RSA,"Rust Avenue, Whangarei",174.3180649,-35.7236491,Grade A+,2016-03-01,,,,,,,,,
Whau Valley Dairy,"139 Kamo Road, Whau Valley, Whangarei",174.3142496,-35.7003474,Grade A,2015-11-01,,Grade A, 2014-10-01,,,,,,
Whau Valley Hot Bread Shop,"243 B Kamo Road, Whau Valley, Whangarei",174.3123361,-35.6985062,Grade A+,2015-10-01,,Grade A+,2015-09-01,0,Grade A+, 2014-10-01,,,
Whau Valley Takeaway,"243 A Kamo Road, Whau Valley, Whangarei",174.3124031,-35.6985585,Grade A+, 2014-10-01,,Grade A+,2015-10-01,,,,,,
Wheat Cafe and Catering,"40 Dyer Street, Whangarei",174.313094,-35.758024,Grade A+,2015-12-01,,Grade A+, 2013-10-01,,,,,,
Wicked Cafe & Takeaways," State Highway 1, Ruakaka ",174.444224,-35.901488,Grade A+, 2013-05-01,,,,,,,,,
Wild Thyme,"45 The Centre, Waipu, Whangarei",174.4448955,-35.9842414,Grade B,2016-06-01,,Grade A,2015-05-01,1,Grade B+, 2015-04-01,,,
Wildside Bar and Grill,"47 Vine Street, Whangarei",174.319025,-35.72566,Grade A+,2015-12-01,,Grade A+, 2014-10-01,,,,,,
Xyitol Products Limited,"291 Ody Road, Taurikura, Whangarei",174.323708,-35.7251117,Grade A,2015-07-01,0,Grade A, 2014-07-01,,,,,,
Ye Korna Dairy," 1 Crawford Crescent, Kamo, Whangarei",174.293944,-35.684616,Grade A,2016-04-01,-1,Grade A+, 2015-03-01,,,,,,
Young's Food Service," 61 Mill Road, Whangarei ",174.325259,-35.707942,Grade A, 2014-12-01,,,,,,,,,
Yummy Roast &  Noodle Bar," 4 Vine Street, Whangarei",174.319097,-35.7257,Grade A, 2015-03-01,,,,,,,,,
